Name,Job Posted,Team,技术关键字
Brand Designer,"January 5, 2024 2:53 PM",虚拟化,"London, San Francisco"
"Full Stack Engineer, Payments","January 5, 2024 2:53 PM",云计算,San Francisco
JavaScript Engineer,"January 5, 2024 2:53 PM",云计算,San Francisco
"Junior Software Engineer, Front End","January 5, 2024 2:53 PM",云计算,"Bangalore, San Francisco"
Python Engineer,"January 5, 2024 2:53 PM",云计算,San Francisco
Marketing Designer,"January 5, 2024 2:53 PM",虚拟化,New York
Senior Product Designer,"January 5, 2024 2:53 PM",虚拟化,San Francisco
Community Support Specialist,"January 5, 2024 2:53 PM",Linux系统,"Bangalore, London"
Technical Support Specialist,"January 5, 2024 2:53 PM",Linux系统,
Actuary,"January 5, 2024 2:53 PM",网络相关,New York
FP&A Analyst,"January 5, 2024 2:53 PM",网络相关,New York
Copywriter,"January 5, 2024 2:53 PM",存储相关,San Francisco
Creative Director,"January 5, 2024 2:53 PM",存储相关,San Francisco
Marketing Manager,"January 5, 2024 2:53 PM",存储相关,San Francisco
JumpServer堡垒机搭建,"January 5, 2024 3:38 PM",信息安全相关,"Centos, Linux, 安全建设"